size_m2,rooms,district,floor,balcony,built,rent
52,2,suburb,6,yes,2015,1102
87,3,university,7,no,2000,1642
52,1,university,6,no,2003,1063
104,4,suburb,1,yes,2013,1803
111,4,university,4,no,1931,2136
55,2,center,3,no,1977,1598
92,3,university,4,no,1931,1615
45,1,university,7,yes,1976,1007
47,1,harbor,4,yes,2009,1340
97,4,harbor,8,yes,1999,2618
108,4,suburb,8,no,1944,1650
61,2,university,4,yes,2004,1439
89,4,suburb,1,no,1956,1336
96,4,university,4,no,1954,1673
96,4,university,0,yes,1988,1979
93,3,center,7,no,1971,2268
75,2,university,6,yes,1999,1558
101,4,center,6,yes,1936,2911
72,2,university,5,no,2006,1530
58,2,center,1,yes,1964,1470
37,1,harbor,8,no,2015,1089
92,4,center,7,no,1997,2598
73,2,suburb,5,no,1970,1136
59,2,harbor,2,yes,2020,1626
104,4,university,1,yes,1937,1864
57,2,harbor,4,no,2002,1561
48,1,university,5,no,2018,1013
104,4,suburb,3,yes,1974,1525
75,3,suburb,5,yes,1971,1330
46,1,suburb,4,no,2014,786
39,1,university,5,yes,1991,1040
46,1,center,1,yes,1955,1158
70,3,center,7,no,1980,1909
54,2,suburb,5,no,1958,790
70,2,center,5,yes,1994,2198
99,4,university,6,yes,2009,2266
39,1,harbor,5,yes,1983,1098
94,4,suburb,1,no,1995,1486
111,4,university,6,no,1997,2422
53,2,center,5,no,2002,1686
37,1,suburb,6,yes,1963,685
79,3,suburb,6,no,2015,1226
94,4,university,0,no,1967,1722
41,1,harbor,3,yes,1933,913
86,4,center,0,no,1941,2035
107,4,center,7,yes,2013,2888
38,1,center,4,yes,2000,1169
107,4,university,1,no,1970,2154
100,4,university,0,yes,1963,1822
95,4,suburb,3,no,2000,1439
48,1,center,0,no,2016,1457
58,2,center,1,no,2003,1655
37,1,suburb,8,no,1981,659
90,4,suburb,7,no,2017,1364
57,2,center,7,no,1944,1447
96,4,suburb,1,no,1976,1466
76,3,center,5,no,1968,2139
41,1,university,3,no,2011,976
96,4,center,2,no,2016,2811
39,1,harbor,1,yes,1977,951
77,3,center,1,no,2021,2255
95,4,university,7,yes,1982,1871
98,4,university,4,no,1957,1948
82,3,harbor,0,yes,1977,1894
57,1,harbor,6,yes,1984,1409
57,2,harbor,1,yes,2021,1519
57,2,harbor,1,yes,1963,1449
91,4,harbor,5,yes,1959,2236
75,3,harbor,3,no,2007,1930
81,3,university,8,no,1952,1656
43,1,harbor,7,no,1940,1024
66,2,university,0,no,1983,1354
42,1,harbor,2,yes,2001,1233
47,1,harbor,0,yes,2023,1227
53,2,university,5,yes,2019,1313
56,2,harbor,2,yes,1944,1289
40,1,suburb,6,no,1934,549
36,1,suburb,2,no,1966,534
92,4,university,8,no,2023,2035
91,4,center,3,yes,1931,2551
88,3,university,8,yes,2013,2039
92,3,center,6,no,1978,2624
56,2,university,1,yes,1995,1319
84,3,center,0,yes,1966,2068
105,4,center,8,no,2005,2910
86,3,suburb,2,yes,1971,1224
66,2,harbor,8,no,1976,1497
67,2,harbor,8,yes,1965,1664
78,3,suburb,5,yes,1996,1358
53,2,harbor,5,no,2019,1490
38,1,harbor,6,no,1975,1005
93,4,suburb,6,no,1991,1353
90,3,harbor,1,no,2004,1925
38,1,suburb,1,no,1997,649
47,1,center,8,no,1958,1151
108,4,harbor,4,yes,1984,2688
38,1,suburb,0,no,1943,533
90,3,university,4,no,1984,1712
54,1,center,7,yes,2006,1740
73,3,harbor,6,no,2022,1925
76,3,center,3,yes,1944,1989
99,4,harbor,2,yes,1936,2163
60,1,center,4,yes,1945,1473
101,4,university,8,no,1981,1846
106,4,university,2,no,1947,1980
71,2,suburb,0,yes,1966,1144
68,2,center,1,yes,1972,1956
42,1,university,7,no,1960,842
43,1,center,0,no,2014,1308
61,2,suburb,1,yes,1970,1032
73,2,center,8,no,2013,1964
38,1,suburb,0,yes,1937,652
52,2,center,8,no,1964,1432
77,2,university,6,no,1995,1445
80,3,university,6,yes,1957,1554
96,4,suburb,2,no,1956,1404
110,4,center,7,no,2011,2754
75,2,university,5,no,1933,1480
57,1,center,7,no,1969,1376
87,3,suburb,4,yes,1933,1186
72,3,university,4,no,2003,
37,1,suburb,8,yes,1989,
72,3,center,2,no,1946,
103,4,university,6,no,1955,
88,3,center,5,no,1960,
88,4,harbor,0,yes,1990,
