income_k,debt_k,years_employed,job,purpose,late_payments,approved
119,21,16,self-employed,education,0,yes
72,26,4,employed,business,0,yes
102,20,22,self-employed,education,0,yes
103,26,2,employed,car,0,yes
64,21,11,retired,home,0,yes
124,1,9,retired,car,0,yes
114,21,18,employed,education,2,yes
121,20,20,employed,business,0,yes
95,15,22,employed,business,0,yes
27,8,0,student,education,0,no
93,29,16,retired,car,0,yes
61,33,24,self-employed,business,1,yes
22,8,0,student,car,0,no
61,34,22,retired,education,2,yes
75,24,2,retired,education,2,no
71,42,19,retired,business,0,yes
26,7,0,student,home,1,no
35,21,15,employed,business,3,no
90,43,10,employed,car,0,yes
23,9,0,self-employed,car,0,no
80,31,9,self-employed,car,0,yes
19,10,0,student,home,2,no
57,17,6,retired,education,1,no
119,83,3,retired,home,2,no
33,22,0,student,home,3,no
68,32,4,self-employed,car,0,no
43,32,0,student,home,4,no
39,19,0,student,car,3,no
53,6,24,self-employed,home,0,yes
65,57,8,self-employed,education,0,yes
76,8,9,self-employed,home,0,yes
51,43,0,student,home,0,no
74,17,12,retired,business,0,yes
118,5,19,retired,car,0,yes
24,17,0,student,home,0,no
78,49,2,self-employed,car,1,no
30,24,0,student,car,1,no
58,10,7,employed,home,0,yes
98,48,5,employed,car,0,yes
39,3,8,retired,car,3,no
24,5,0,student,car,0,no
91,69,6,self-employed,business,0,no
78,57,1,self-employed,car,0,no
73,51,4,employed,car,1,no
41,30,0,student,business,0,no
68,2,15,employed,car,3,yes
99,16,12,retired,car,0,yes
69,17,1,retired,business,2,no
47,1,0,student,car,1,no
94,5,17,employed,education,1,yes
125,70,4,retired,home,1,no
24,1,7,self-employed,car,4,no
77,3,19,self-employed,business,0,yes
109,43,19,self-employed,car,4,no
79,13,1,self-employed,home,0,yes
74,56,10,employed,education,1,yes
24,6,0,student,home,4,no
50,38,0,student,education,0,no
61,29,3,retired,car,0,yes
50,25,0,student,home,0,yes
125,71,15,self-employed,home,0,yes
40,4,0,student,education,0,yes
42,2,0,student,education,0,yes
60,48,3,self-employed,car,4,no
81,14,0,employed,car,0,yes
30,7,0,student,home,2,no
52,34,2,employed,home,3,no
21,13,0,student,car,0,no
22,4,0,student,home,3,no
88,4,1,retired,home,0,yes
47,34,0,student,education,0,no
41,26,2,retired,car,3,no
90,49,12,retired,home,1,yes
52,23,22,employed,home,2,yes
67,49,21,employed,education,0,yes
120,27,15,employed,car,0,yes
81,63,2,employed,car,0,no
63,50,17,employed,car,0,yes
91,4,14,self-employed,education,0,yes
87,35,7,retired,home,1,no
27,2,0,student,business,0,yes
68,47,18,employed,education,0,yes
70,43,16,self-employed,car,0,yes
102,15,19,self-employed,education,2,yes
98,64,3,employed,home,0,yes
34,3,0,student,education,5,no
126,47,14,employed,business,0,yes
61,37,14,employed,home,2,no
25,19,0,student,education,0,no
43,16,16,retired,home,1,yes
123,54,17,employed,car,0,yes
73,5,4,retired,car,3,no
125,64,0,self-employed,car,1,no
21,5,0,student,home,0,yes
103,3,19,employed,home,0,yes
37,23,0,student,education,0,no
42,23,17,employed,home,3,no
102,9,22,employed,education,1,yes
31,13,7,retired,home,3,no
101,78,20,retired,home,3,no
114,26,10,retired,car,0,yes
38,21,0,student,education,0,yes
115,21,19,employed,education,1,yes
102,31,1,self-employed,home,2,no
33,14,19,retired,education,3,no
115,20,15,retired,car,0,yes
90,62,15,retired,home,0,yes
122,67,6,self-employed,education,0,yes
63,52,3,employed,education,1,no
37,11,0,student,home,0,no
57,38,15,retired,home,0,yes
71,23,11,employed,education,1,yes
102,55,9,employed,education,0,yes
70,15,13,employed,home,5,no
50,41,19,self-employed,business,2,no
118,74,14,retired,business,0,yes
36,29,7,employed,car,1,no
42,8,0,student,car,1,no
119,46,7,employed,education,2,yes
56,1,11,retired,home,2,yes
98,51,20,employed,home,1,
121,57,16,self-employed,car,0,
107,6,7,employed,education,0,
111,29,23,retired,car,0,
46,36,0,student,car,2,
40,14,4,self-employed,education,3,
